{"cameraMode":{"drawMode":0,"name":"Shaded","section":"Shading Mode"},"sceneLighting":true,"audioPlay":false,"sceneViewState":{"m_AlwaysRefresh":false,"showFog":true,"showSkybox":true,"showFlares":true,"showImageEffects":true,"showParticleSystems":true,"showVisualEffectGraphs":true,"m_FxEnabled":true},"in2DMode":false,"pivot":{"x":-0.31029096245765688,"y":-0.5477281212806702,"z":1.3095877170562745},"rotation":{"x":0.7092241644859314,"y":-0.0010574732441455126,"z":0.001063837087713182,"w":0.7049815654754639},"size":9.946784973144532,"orthographic":true}