{"count":1,"self":72.2930368,"total":77.862173,"children":{"InitializeActuators":{"count":1,"self":0.0014150999999999999,"total":0.0014150999999999999,"children":null},"InitializeSensors":{"count":1,"self":0.0054706999999999993,"total":0.0054706999999999993,"children":null},"AgentSendState":{"count":3646,"self":0.031841,"total":0.43951759999999995,"children":{"GridSensor.Update":{"count":730,"self":0.37777659999999996,"total":0.37777659999999996,"children":null},"CollectObservations":{"count":730,"self":0.0060307999999999994,"total":0.0060307999999999994,"children":null},"WriteActionMask":{"count":730,"self":0.0009993,"total":0.0009993,"children":null},"RequestDecision":{"count":730,"self":0.0228699,"total":0.0228699,"children":null}}},"DecideAction":{"count":3646,"self":4.7485952,"total":5.0516863,"children":{"GridSensor.Write":{"count":730,"self":0.3030909,"total":0.3030909,"children":null}}},"AgentAct":{"count":3646,"self":0.065015,"total":0.065015,"children":null},"GridSensor.Update":{"count":9,"self":0.0030280999999999997,"total":0.0030280999999999997,"children":null}},"gauges":{"BehaviorDemo4.CumulativeReward":{"count":9,"max":1.29997957,"min":-5.16,"runningAverage":-2.81466532,"value":-4.10399961,"weightedAverage":-3.065612}},"metadata":{"timer_format_version":"0.1.0","start_time_seconds":"1654407348","unity_version":"2020.3.30f1","command_line_arguments":"C:\\Program Files\\Unity\\Hub\\Editor\\2020.3.30f1\\Editor\\Unity.exe -projectpath C:\\Users\\jack\\Documents\\GitHub\\New\\SolGame_rmit -useHub -hubIPC -cloudEnvironment production -licensingIpc LicenseClient-jack -hubSessionId 13479990-e40d-11ec-982e-930a63e733ec -accessToken QGkQ-z9teBJVv2VG2lQoZ4HRZOsF_qEwV7_CLSHNdiI00ff","communication_protocol_version":"1.5.0","com.unity.ml-agents_version":"2.2.1-exp.1","scene_name":"Demo4","end_time_seconds":"1654407426"}}