{"cameraMode":{"drawMode":0,"name":"Shaded","section":"Shading Mode"},"sceneLighting":false,"audioPlay":false,"sceneViewState":{"m_AlwaysRefresh":false,"showFog":true,"showSkybox":false,"showFlares":true,"showImageEffects":true,"showParticleSystems":true,"showVisualEffectGraphs":true,"m_FxEnabled":true},"in2DMode":false,"pivot":{"x":-0.24503231048583985,"y":-0.12667745351791383,"z":-0.053325355052948},"rotation":{"x":-0.05994190275669098,"y":-0.028137704357504846,"z":0.0016859425231814385,"w":-0.9978258013725281},"size":2.5578620433807375,"orthographic":true}