{"cameraMode":{"drawMode":0,"name":"Shaded","section":"Shading Mode"},"sceneLighting":false,"audioPlay":false,"sceneViewState":{"m_AlwaysRefresh":false,"showFog":true,"showSkybox":false,"showFlares":true,"showImageEffects":true,"showParticleSystems":true,"showVisualEffectGraphs":true,"m_FxEnabled":true},"in2DMode":false,"pivot":{"x":-0.23784512281417848,"y":0.042232394218444827,"z":-0.44005200266838076},"rotation":{"x":-0.08431877940893173,"y":-0.6979054808616638,"z":0.08330601453781128,"w":-0.7063226103782654},"size":2.4099209308624269,"orthographic":false}