{"cameraMode":{"drawMode":0,"name":"Shaded","section":"Shading Mode"},"sceneLighting":false,"audioPlay":false,"sceneViewState":{"m_AlwaysRefresh":false,"showFog":true,"showSkybox":false,"showFlares":true,"showImageEffects":true,"showParticleSystems":true,"showVisualEffectGraphs":true,"m_FxEnabled":true},"in2DMode":false,"pivot":{"x":0.17640924453735352,"y":-0.02429097890853882,"z":-0.2915380597114563},"rotation":{"x":0.012488232925534249,"y":0.5536561608314514,"z":0.008308441378176213,"w":-0.8326366543769836},"size":2.3676469326019289,"orthographic":true}