{
    "name": "root",
    "metadata": {
        "timer_format_version": "0.1.0",
        "start_time_seconds": "1654304125",
        "python_version": "3.7.13 (default, Mar 28 2022, 08:03:21) [MSC v.1916 64 bit (AMD64)]",
        "command_line_arguments": "C:\\Users\\jack\\anaconda3\\envs\\py37\\Scripts\\mlagents-learn BehaviorDemo4.yaml --run-id Demo4_Test --force",
        "mlagents_version": "0.28.0",
        "mlagents_envs_version": "0.28.0",
        "communication_protocol_version": "1.5.0",
        "pytorch_version": "1.11.0+cpu",
        "numpy_version": "1.21.5",
        "end_time_seconds": "1654304174"
    },
    "total": 48.9691453,
    "count": 1,
    "self": 0.0077832999999998265,
    "children": {
        "run_training.setup": {
            "total": 0.20489120000000005,
            "count": 1,
            "self": 0.20489120000000005
        },
        "TrainerController.start_learning": {
            "total": 48.7564708,
            "count": 1,
            "self": 0.047035499999985575,
            "children": {
                "TrainerController._reset_env": {
                    "total": 4.9900902,
                    "count": 1,
                    "self": 4.9900902
                },
                "TrainerController.advance": {
                    "total": 42.90853440000002,
                    "count": 1009,
                    "self": 0.04287620000005887,
                    "children": {
                        "env_step": {
                            "total": 25.852830899999915,
                            "count": 1009,
                            "self": 21.928428799999786,
                            "children": {
                                "SubprocessEnvManager._take_step": {
                                    "total": 3.885774100000021,
                                    "count": 1009,
                                    "self": 0.10864590000013052,
                                    "children": {
                                        "TorchPolicy.evaluate": {
                                            "total": 3.7771281999998907,
                                            "count": 967,
                                            "self": 0.5480126999998953,
                                            "children": {
                                                "TorchPolicy.sample_actions": {
                                                    "total": 3.2291154999999954,
                                                    "count": 967,
                                                    "self": 3.2291154999999954
                                                }
                                            }
                                        }
                                    }
                                },
                                "workers": {
                                    "total": 0.038628000000108464,
                                    "count": 1008,
                                    "self": 0.0,
                                    "children": {
                                        "worker_root": {
                                            "total": 36.832159299999944,
                                            "count": 1008,
                                            "is_parallel": true,
                                            "self": 22.97807149999995,
                                            "children": {
                                                "steps_from_proto": {
                                                    "total": 0.03094889999999939,
                                                    "count": 1,
                                                    "is_parallel": true,
                                                    "self": 0.0011490999999983487,
                                                    "children": {
                                                        "_process_maybe_compressed_observation": {
                                                            "total": 0.02693590000000068,
                                                            "count": 2,
                                                            "is_parallel": true,
                                                            "self": 4.790000000109984e-05,
                                                            "children": {
                                                                "_observation_to_np_array": {
                                                                    "total": 0.02688799999999958,
                                                                    "count": 1,
                                                                    "is_parallel": true,
                                                                    "self": 2.8399999999706438e-05,
                                                                    "children": {
                                                                        "process_pixels": {
                                                                            "total": 0.026859599999999872,
                                                                            "count": 1,
                                                                            "is_parallel": true,
                                                                            "self": 0.0017031999999996827,
                                                                            "children": {
                                                                                "image_decompress": {
                                                                                    "total": 0.02515640000000019,
                                                                                    "count": 2,
                                                                                    "is_parallel": true,
                                                                                    "self": 0.02515640000000019
                                                                                }
                                                                            }
                                                                        }
                                                                    }
                                                                }
                                                            }
                                                        },
                                                        "_process_rank_one_or_two_observation": {
                                                            "total": 0.0028639000000003634,
                                                            "count": 2,
                                                            "is_parallel": true,
                                                            "self": 0.0028639000000003634
                                                        }
                                                    }
                                                },
                                                "UnityEnvironment.step": {
                                                    "total": 13.823138899999996,
                                                    "count": 1008,
                                                    "is_parallel": true,
                                                    "self": 0.14897799999995343,
                                                    "children": {
                                                        "UnityEnvironment._generate_step_input": {
                                                            "total": 0.32856479999998367,
                                                            "count": 1008,
                                                            "is_parallel": true,